<?xml version="1.0" encoding="utf-8" ?>

<component name="RAFSSAITask" extends="Task"
  xmlns:xs="http://www.w3.org/2001/XMLSchema"
  xmlns:xsi="http://www.w3.org/2001/XMLSchema-instance"
  xsi:noNamespaceSchemaLocation="https://devtools.web.roku.com/schema/RokuSceneGraph.xsd">

  <interface>
    <field id="view" type="node" />
    <field id="video" type="node" />
    <field id="truexAdUrl" type="string" />
    <field id="wrapperEvent" type="assocarray" />
  </interface>

  <script type="text/brightscript" uri="pkg:/components/utils/trace.brs" />
  <script type="text/brightscript" uri="pkg:/components/utils/types.brs" />
  <script type="text/brightscript" uri="pkg:/components/utils/math.brs" />
  <script type="text/brightscript" uri="pkg:/components/example/raf-ssai-task.brs" />
  <script type="text/brightscript" uri="pkg:/components/example/raf-ssai-common.brs" />
  <script type="text/brightscript" uri="pkg:/components/example/truex-helper.brs" />

  <script type="text/brightscript">
    <![CDATA[
      function init()
        m.top.functionName = "runInBackground"
      end function
    ]]>
  </script>

</component>
